<wpml-config>
	<admin-texts>
		<key name="tinvwl-general">
			<key name="default_title"/>
			<key name="text_browse"/>
			<key name="text_removed_from"/>
			<key name="text_added_to"/>
			<key name="text_already_in"/>
		</key>
		<key name="tinvwl-add_to_wishlist">
			<key name="text"/>
			<key name="text_remove"/>
			<key name="text_already_on"/>
		</key>
		<key name="tinvwl-add_to_wishlist_catalog">
			<key name="text"/>
			<key name="text_remove"/>
			<key name="text_already_on"/>
		</key>
		<key name="tinvwl-product_table">
			<key name="text_add_to_cart"/>
		</key>
		<key name="tinvwl-table">
			<key name="text_add_select_to_cart"/>
			<key name="text_add_all_to_cart"/>
		</key>
		<key name="tinvwl-social">
			<key name="share_on"/>
		</key>
		<key name="tinvwl-topline">
			<key name="text"/>
		</key>
	</admin-texts>
</wpml-config>
